{
    "accuracy": [
      0.43320000171661377,
      0.585860013961792,
      0.6494399905204773,
      0.6853600144386292,
      0.7084400057792664,
      0.7310600280761719,
      0.7481799721717834,
      0.7605000138282776,
      0.7750800251960754,
      0.7880799770355225
    ],
    "loss": [
      1.5515754222869873,
      1.1668661832809448,
      0.9982032775878906,
      0.8972516655921936,
      0.8325812220573425,
      0.7718001008033752,
      0.7250886559486389,
      0.6820343732833862,
      0.6378440260887146,
      0.6016459465026855
    ],
    "val_accuracy": [
      0.5212000012397766,
      0.6060000061988831,
      0.6589999794960022,
      0.6617000102996826,
      0.6872000098228455,
      0.7026000022888184,
      0.7074000239372253,
      0.7098000049591064,
      0.6912999749183655,
      0.7077999711036682
    ],
    "val_loss": [
      1.315969705581665,
      1.1139470338821411,
      0.978395402431488,
      0.9689526557922363,
      0.89920973777771,
      0.874422550201416,
      0.8610683679580688,
      0.8485777378082275,
      0.9200292229652405,
      0.8618761897087097
    ]
  }

  